{
    "accuracy": {
        "train": 88.9088888888889,
        "retain": 89.72839506172839,
        "forget": 7.777777693006727,
        "val": 4.0,
        "test": 62.56565657490432
    }
}