{
    "accuracy": {
        "train": 98.24,
        "retain": 98.50123456338011,
        "forget": 95.88888896348742,
        "val": 95.59999985351563,
        "test": 73.11
    },
    "SVC_MIA_forget_efficacy": {
        "correctness": 0.0411111111111111,
        "confidence": 0.13888888888888884,
        "entropy": 0.18355555555555558,
        "m_entropy": 0.3368888888888889,
        "prob": 0.4646666666666667
    },
    "SVC_MIA_training_privacy": {
        "correctness": 0.62483661971831,
        "confidence": 0.6854971830985915,
        "entropy": 0.6681394366197183,
        "m_entropy": 0.60906338028169,
        "prob": 0.5278732394366197
    }
}