{
    "accuracy": {
        "train": 97.13333333333334,
        "retain": 97.80493826708381,
        "forget": 91.08888903808594,
        "val": 80.51999985351563,
        "test": 71.15
    }
}