{
    "accuracy": {
        "train": 86.44444444444444,
        "retain": 87.25028058361391,
        "forget": 6.666666505601671,
        "val": 6.0,
        "test": 61.303030312278054
    }
}