{
    "accuracy": {
        "train": 97.97555555555556,
        "retain": 98.19999999547888,
        "forget": 95.95555567084418,
        "val": 95.97999985351562,
        "test": 73.61
    },
    "SVC_MIA_forget_efficacy": {
        "correctness": 0.040444444444444394,
        "confidence": 0.14177777777777778,
        "entropy": 0.18400000000000005,
        "m_entropy": 0.33133333333333337,
        "prob": 0.5486666666666666
    },
    "SVC_MIA_training_privacy": {
        "correctness": 0.6210042253521126,
        "confidence": 0.6828492957746479,
        "entropy": 0.6638901408450704,
        "m_entropy": 0.605718309859155,
        "prob": 0.5415267605633803
    }
}