{
    "accuracy": {
        "train": 98.20666666666666,
        "retain": 98.47654320987654,
        "forget": 95.7777779405382,
        "val": 95.7399999633789,
        "test": 73.51
    },
    "SVC_MIA_forget_efficacy": {
        "correctness": 0.04222222222222227,
        "confidence": 0.15022222222222226,
        "entropy": 0.19422222222222219,
        "m_entropy": 0.3362222222222222,
        "prob": 0.526888888888889
    },
    "SVC_MIA_training_privacy": {
        "correctness": 0.6253239436619719,
        "confidence": 0.6826267605633802,
        "entropy": 0.667818309859155,
        "m_entropy": 0.608018309859155,
        "prob": 0.5386478873239436
    }
}