{
    "accuracy": {
        "train": 98.31555555555556,
        "retain": 98.58518518518518,
        "forget": 95.8888889227973,
        "val": 95.91999987792968,
        "test": 73.08
    },
    "SVC_MIA_forget_efficacy": {
        "correctness": 0.0411111111111111,
        "confidence": 0.13355555555555554,
        "entropy": 0.17866666666666664,
        "m_entropy": 0.3202222222222222,
        "prob": 0.4693333333333334
    },
    "SVC_MIA_training_privacy": {
        "correctness": 0.6263873239436619,
        "confidence": 0.6865549295774648,
        "entropy": 0.6699591549295775,
        "m_entropy": 0.6016633802816902,
        "prob": 0.5351619718309859
    }
}