{
    "accuracy": {
        "train": 98.22222222222223,
        "retain": 98.44197530412086,
        "forget": 96.24444460720485,
        "val": 95.73999997558593,
        "test": 73.34
    },
    "SVC_MIA_forget_efficacy": {
        "correctness": 0.037555555555555564,
        "confidence": 0.13,
        "entropy": 0.1751111111111111,
        "m_entropy": 0.3091111111111111,
        "prob": 0.4708888888888889
    },
    "SVC_MIA_training_privacy": {
        "correctness": 0.623969014084507,
        "confidence": 0.6867070422535211,
        "entropy": 0.6699112676056338,
        "m_entropy": 0.6020366197183098,
        "prob": 0.5377338028169014
    }
}