{
    "accuracy": {
        "train": 97.60888888888888,
        "retain": 98.38518518518518,
        "forget": 90.62222220865885,
        "val": 82.69999995117188,
        "test": 72.13
    },
    "SVC_MIA_forget_efficacy": {
        "correctness": 0.09377777777777774,
        "confidence": 0.2957777777777778,
        "entropy": 0.3388888888888889,
        "m_entropy": 0.44866666666666666,
        "prob": 0.5311111111111111
    },
    "SVC_MIA_training_privacy": {
        "correctness": 0.6315591549295775,
        "confidence": 0.6934647887323944,
        "entropy": 0.6758464788732395,
        "m_entropy": 0.6123929577464788,
        "prob": 0.5434140845070423
    }
}