{
    "accuracy": {
        "train": 88.40666666666667,
        "retain": 98.22962963038314,
        "forget": 0.0,
        "val": 83.11999997558594,
        "test": 91.83333333333333
    },
    "SVC_MIA_forget_efficacy": {
        "correctness": 1.0,
        "confidence": 1.0,
        "entropy": 0.844,
        "m_entropy": 1.0,
        "prob": 0.5764444444444444
    },
    "SVC_MIA_training_privacy": {
        "correctness": 0.5314722222222222,
        "confidence": 0.5396527777777778,
        "entropy": 0.5331111111111111,
        "m_entropy": 0.5139861111111111,
        "prob": 0.5167083333333333
    }
}